<?xml version="1.0" encoding="utf-8"?>

<!--
  ~ Copyright (c) 2017, WSO2 Inc. (http://www.wso2.org) All Rights Reserved.
  ~
  ~ WSO2 Inc. licenses this file to you under the Apache License,
  ~ Version 2.0 (the "License"); you may not use this file except
  ~ in compliance with the License.
  ~ You may obtain a copy of the License at
  ~
  ~ http://www.apache.org/licenses/LICENSE-2.0
  ~
  ~ Unless required by applicable law or agreed to in writing,
  ~ software distributed under the License is distributed on an
  ~ "AS IS" BASIS, WITHOUT WARRANTIES OR CONDITIONS OF ANY
  ~ KIND, either express or implied. See the License for the
  ~ specific language governing permissions and limitations
  ~ under the License.
  -->
<DeviceTypeConfiguration name="medlonode">
    <Features>
        <Feature code="operation">
            <Name>Control Operation</Name>
            <Description>Set temperature humidity ranges</Description>
            <Operation context="/medlonode/device/{deviceId}/configranges" method="POST">
                <QueryParameters>
                    <Parameter>state</Parameter>
                </QueryParameters>
            </Operation>
        </Feature>
    </Features>

    <ProvisioningConfig>
        <SharedWithAllTenants>true</SharedWithAllTenants>
    </ProvisioningConfig>

    <PushNotificationProviderConfig type="MQTT">
        <FileBasedProperties>true</FileBasedProperties>
    </PushNotificationProviderConfig>

    <License>
        <Language>en_US</Language>
        <Version>1.0.0</Version>
        <Text>This is license text</Text>
    </License>

</DeviceTypeConfiguration>

