<?xml version="1.0" encoding="UTF-8" standalone="no"?>
<feature id="org.yac.medlo.backend" label="org.yac.medlo.backend.feature" provider-name="%providerName" version="1.0.0">
  <description>WSO2 is an open source application development software company focused on providing service-oriented
        architecture solutions for professional developers.</description>
  <copyright>%copyright</copyright>
  <license url="%licenseURL">%license</license>
  <plugin id="org.yac.medlo.plugin" unpack="false" version="1.0.0"/>
  <require>
    <import feature="org.wso2.carbon.core.server" match="equivalent" version="4.4.16"/>
  </require>
</feature>
